date,id,headline
2024-02-12,h001,NovaCorp beats earnings estimates as cloud revenue hits record growth
2024-02-12,h002,Analysts upgrade NovaCorp shares on strong subscription gains
2024-02-12,h003,NovaCorp raises full-year guidance after a robust quarter
2024-02-13,h004,NovaCorp shares plunge as quarterly profit misses forecasts
2024-02-13,h005,Regulator opens investigation into NovaCorp revenue recognition
2024-02-13,h006,NovaCorp warns of weak demand and announces layoffs
2024-02-14,h007,NovaCorp does not beat revenue expectations citing soft demand
2024-02-14,h008,NovaCorp launches a new analytics platform for enterprise clients
2024-02-14,h009,NovaCorp dividend held steady as the outlook remains unchanged
